sNo,nameOfTheShow,imdbRating,ageOfViewers,language,genre,noOfSeasonsAvailable,yearOfRelease,madeInCountry
1,Madison Avenue,9,10,Swedish,Drama,8,2001,United States
2,Sherlock Holmes: The Woman in Green,9,10,Kashmiri,Mystery,2,2000,Canada
3,Loose Change: Second Edition,10,10,Norwegian,Documentary|Mystery,7,1969,United States
4,Prom Night III: The Last Kiss,2,11,Persian,Horror,6,1987,Russia
5,Swann in Love (Un amour de Swann),7,11,Hungarian,Drama,4,1988,Japan
6,Comic Book: The Movie,8,13,Hiri Motu,Comedy,2,1965,Japan
7,"Naked Gun: From the Files of Police Squad!, The",5,16,Georgian,Action|Comedy|Crime|Romance,10,1990,United States
8,Dante's Peak,10,12,Malagasy,Action|Thriller,5,2011,Japan
9,Frankenstein and the Monster from Hell,3,17,Azeri,Horror,6,2008,Canada
10,"Cross of Lorraine, The",2,16,Maltese,Drama|War,6,2008,Germany
11,"Protector, The",2,18,Kazakh,Action|Comedy|Drama|Thriller,2,1986,United States
12,Daisy Kenyon,10,10,New Zealand Sign Language,Drama|Romance,5,2004,Japan
13,Strip Nude for Your Killer (Nude per l'assassino),3,13,Tajik,Horror|Mystery|Thriller,3,2004,United States
14,Signs,10,13,Czech,Horror|Sci-Fi|Thriller,1,1960,Germany
15,Wedding Crashers,5,14,Georgian,Comedy|Romance,6,1993,United States
16,I Stand Alone (Seul contre tous),2,10,Yiddish,Drama|Thriller,4,2009,Japan
17,"Reeds, The",5,14,Moldovan,Action|Horror|Thriller,3,1993,Russia
18,Lucrèce Borgia,9,12,Macedonian,(no genres listed),10,1986,Russia
19,Thoroughbreds Don't Cry,10,10,Persian,Comedy|Drama,8,1984,United States
20,Touch the Sound: A Sound Journey with Evelyn Glennie,6,13,Norwegian,Documentary,4,2006,Canada
21,Forty Shades of Blue,8,12,Hungarian,Drama,8,2003,Canada
22,Layer Cake,5,14,Croatian,Crime|Drama|Thriller,3,1999,Russia
23,"Third Man, The",8,18,Kannada,Film-Noir|Mystery|Thriller,5,2012,United States
24,Romeo and Juliet,5,15,Armenian,Drama|Romance,8,1995,Russia
25,Riley Rewind,6,14,Dzongkha,Drama|Sci-Fi,6,1987,Canada
26,Mark Twain,5,17,Papiamento,Documentary,3,1993,United States
27,Broken City,9,17,Croatian,Crime|Drama|Thriller,1,1993,Russia
28,Wallace & Gromit: The Wrong Trousers,6,12,Papiamento,Animation|Children|Comedy|Crime,2,2005,Russia
29,Seed,7,13,German,Horror,1,2010,Russia
30,Twelve Monkeys (a.k.a. 12 Monkeys),1,16,Assamese,Mystery|Sci-Fi|Thriller,4,2013,Russia
31,Japanese Girls at the Harbor (Minato no nihon musume),9,13,Somali,Drama,10,2004,Russia
32,Rude Boy,2,13,Malayalam,Documentary|Drama,6,2013,Russia
33,Red Heat,10,18,Italian,Action,9,2009,Canada
34,Operation Crossbow,5,16,Arabic,Action|Adventure|War,5,1998,United States
35,Kama Sutra: A Tale of Love,1,13,Tswana,Romance,4,1991,Russia
36,Ra.One,2,13,Northern Sotho,Action|Musical|Sci-Fi,9,2003,Russia
37,"X from Outer Space, The (Uchû daikaijû Girara)",7,11,Hindi,Horror|Sci-Fi,5,1997,Japan
38,Education for Death,8,10,Swedish,Animation|Comedy,5,1997,Germany
39,Ip Man 2,1,13,Somali,Action,3,2002,Russia
40,Red,10,10,Fijian,Drama|Thriller,8,1977,Japan
41,"Amor brujo, El (Love Bewitched, A)",3,15,Tajik,Drama|Musical,6,1999,United States
42,"Bay, The",2,15,Amharic,Horror|Sci-Fi|Thriller,5,1992,United States
43,Knightriders,8,10,Kannada,Action|Adventure|Drama,2,2011,Russia
44,Hush,4,10,Italian,Thriller,10,1997,United States
45,Doughboys,4,12,Aymara,Comedy|War,10,2002,Russia
46,For Those in Peril,1,10,Papiamento,Drama,6,1986,Russia
47,Gray Lady Down,7,13,Zulu,Drama|Thriller,4,1994,Russia
48,From Time to Time,1,13,Yiddish,Adventure|Drama|Fantasy,10,1992,Canada
49,Feeding Frenzy,6,17,Macedonian,Comedy|Horror,9,2011,Russia
50,Bethlehem,2,16,Somali,Drama|Thriller|War,4,1990,Japan
51,Wah-Wah,5,16,Armenian,Drama,10,2000,Russia
52,Charlie Chan in Paris,2,17,Belarusian,Comedy|Crime|Drama|Mystery|Thriller,8,1992,Russia
53,Away from Her,8,17,Luxembourgish,Drama,7,2009,Russia
54,Moon Over Parador,3,11,Norwegian,Comedy,5,1997,Japan
55,"Brute, The (Bruto, El)",10,10,Hebrew,Drama,5,1995,Japan
56,Skyline,4,16,Kashmiri,Sci-Fi|Thriller,5,2009,Japan
57,Avenging Angelo,2,14,French,Action|Comedy|Crime,8,2009,United States
58,Blow,3,11,West Frisian,Crime|Drama,4,1998,United States
59,Heaven's Gate,7,10,Zulu,Western,6,1997,United States
60,Road to Utopia,7,12,Lithuanian,Comedy,1,2006,Australia
61,"Farewell, My Lovely",5,11,Armenian,Crime|Mystery|Thriller,6,2007,United States
62,Jenny,7,13,Pashto,Drama,2,2006,Japan
63,Born to Fight,2,17,Hebrew,Action|Children|Drama,4,2004,Russia
64,White of the Eye,8,10,Tetum,Thriller,7,2005,Nepal
65,"Wheeler Dealers, The",3,15,Bulgarian,Comedy,7,2010,Canada
66,Spirits of the Dead,3,12,Dutch,Horror|Mystery,3,1984,Canada
67,Godzilla vs. Hedorah (Gojira tai Hedorâ) (Godzilla vs. The Smog Monster) ,8,12,Assamese,Horror|Sci-Fi,4,2013,United Kingdom
68,Journey to the Center of the Earth,7,12,Estonian,Adventure|Children|Sci-Fi,6,2010,Russia
69,Dirty Dingus Magee,2,11,Amharic,Comedy|Western,3,1987,Russia
70,Passenger 57,3,13,Zulu,Action|Thriller,5,1986,Russia
71,No Time for Love,9,17,New Zealand Sign Language,Comedy|Romance,4,2007,United States
72,Dragon Ball Z: Bojack Unbound (Doragon bôru Z 9: Ginga girigiri!! Butchigiri no sugoi yatsu),9,13,Indonesian,Action|Adventure|Animation|Fantasy,4,2003,United States
73,Double Confession,2,11,Zulu,Crime|Drama,6,2008,Russia
74,"Atomic States of America, The",9,12,Bulgarian,Documentary,8,2011,Russia
75,"Apparition, The",4,11,Bulgarian,Horror|Thriller,1,1995,Russia
76,"Family Man, The",9,11,Dutch,Comedy|Drama|Romance,8,2012,Canada
77,High School,1,18,Malagasy,Comedy,4,2012,Russia
78,Twist,8,14,Bosnian,Drama,3,2010,Russia
79,Captain EO,10,10,Finnish,Adventure|Children|Comedy|Musical|Sci-Fi,2,1992,Japan
80,Veronika Decides to Die,9,12,Gujarati,Drama|Romance,5,2007,Russia
81,Broken Sky (El cielo dividido),9,18,Italian,Drama,10,2007,United States
82,Cowboy del Amor,7,16,Moldovan,Documentary,6,1986,Russia
83,Dolls,7,18,Latvian,Horror,4,1984,Russia
84,Heavens Fall,6,17,Haitian Creole,Drama,1,2012,Russia
85,Karan Arjun,1,16,Azeri,Drama,2,2005,Russia
86,Everlasting Moments (Maria Larssons eviga ögonblick),10,12,Malagasy,Drama,10,1996,Russia
87,Still Breathing,2,11,Punjabi,Comedy|Romance,8,1993,Russia
88,"Desert of Forbidden Art, The",7,10,Marathi,Adventure|Documentary|Drama|War,5,2006,Germany
89,"Forbidden Christ, The (Cristo proibito, Il)",2,14,Kurdish,Drama,2,2010,Russia
90,Red Cliff (Chi bi),9,18,Tsonga,Action|Adventure|Drama|War,10,2001,Russia
91,"Ron Clark Story, The",9,11,Azeri,Drama,3,1993,Russia
92,Serenity,10,15,Bosnian,Action|Adventure|Sci-Fi,2,2007,United States
93,Dunston Checks In,1,18,Sotho,Children|Comedy,8,2007,Taiwan
94,"Jacket, The",10,12,Chinese,Drama|Mystery|Sci-Fi|Thriller,4,2007,Japan
95,"Summer Wishes, Winter Dreams",6,13,Mongolian,Drama,8,2007,United States
96,"Frankenstein Syndrome, The",7,15,Finnish,Horror|Sci-Fi,3,1992,Canada
97,Satan Met a Lady,3,16,Croatian,Comedy|Drama|Mystery,6,2010,Russia
98,Link,1,14,Hindi,Horror|Thriller,3,2004,Canada
99,As Far As My Feet Will Carry Me (So weit die Füße tragen),4,18,Burmese,Drama|War,8,2012,United States
100,Heaven's Burning,6,17,Hungarian,Action|Drama,8,2008,Canada
101,"Brother's Kiss, A",2,16,Icelandic,Drama,4,2002,United States
102,Windstruck (Nae yeojachingureul sogae habnida),8,16,Māori,Comedy|Crime|Drama,9,2007,United States
103,Knights of the Round Table,5,15,Macedonian,Adventure|Drama,4,2000,Russia
104,Born to Be Bad,2,17,Persian,Drama|Romance,9,1999,Russia
105,"Trap, The (Klopka)",6,11,Bengali,Crime|Drama|Thriller,2,2006,United States
106,Terra (a.k.a. Battle for Terra),2,17,Croatian,Adventure|Animation|Sci-Fi,9,2007,Russia
107,Delgo,8,15,Mongolian,Adventure|Animation|Comedy|Fantasy|Romance,10,2002,Japan
108,Road Kill (a.k.a. Road Train),8,14,Somali,Horror|Sci-Fi|Thriller,7,1998,Australia
109,C(r)ook (Basta - Rotwein Oder Totsein),1,18,Japanese,Comedy,7,2002,United States
110,Dr. Cyclops,4,11,Swahili,Adventure|Horror|Sci-Fi,8,2009,Russia
111,"Low Down Dirty Shame, A",2,11,Gagauz,Action|Comedy,7,1997,Japan
112,Small Town Gay Bar,6,12,Georgian,Documentary,4,2008,Russia
113,Around the Bend,3,17,Tajik,Drama,6,1999,Japan
114,"Librarian, The: The Curse of the Judas Chalice",3,17,Bislama,Action|Adventure|Fantasy,5,2008,Japan
115,I Want Candy,10,10,Lithuanian,Comedy,10,1973,Russia
116,From the Sky Down,7,17,Croatian,Documentary,4,2009,Japan
117,Hollywood Sex Wars,3,14,Afrikaans,Comedy,9,1999,United States
118,Mr. Nice Guy (Yat goh ho yan),6,12,Quechua,Action|Comedy,8,2011,Russia
119,"Other Side of Heaven, The",10,18,Belarusian,Adventure|Drama,3,1998,Russia
120,Caótica Ana,10,13,Tok Pisin,Comedy|Drama|Mystery|Romance,8,1989,Russia
121,Creator,7,18,Amharic,Comedy|Drama|Romance,10,2000,Russia
122,Three Degrees Colder (3° kälter),6,14,Bengali,Drama|Romance,9,2007,Sri Lanka
123,"Story of Vernon and Irene Castle, The",8,15,French,Musical|Romance|War,5,2011,Russia
124,Junior Bonner,9,17,Aymara,Comedy|Drama|Western,8,2009,United States
125,Shadow People,4,11,Maltese,Drama,10,2002,Russia
126,Sleeping Beauty,6,17,Chinese,Adventure|Fantasy,10,2003,Germany
127,Double Play: James Benning and Richard Linklater,8,17,Norwegian,Documentary,2,2010,Canada
128,Which Way Home,3,14,Kurdish,Documentary,1,2009,United States
129,Mondo Trasho,1,14,Bulgarian,Comedy,5,2001,Russia
130,"Life and Times of Allen Ginsberg, The",10,14,Estonian,Documentary,7,1988,Russia
131,"Great King, The (Der große König)",1,10,Italian,Drama|War,6,1995,Japan
132,Deepstar Six,5,14,Dutch,Horror|Sci-Fi|Thriller,3,2012,United States
133,Night of the Comet,7,13,Dari,Comedy|Horror|Sci-Fi,3,2009,Russia
134,Urban Legend,5,17,Greek,Horror|Thriller,10,2010,Russia
135,Liar's Dice,7,10,Marathi,Adventure|Children|Drama,7,2001,Russia
136,Flickering Lights (Blinkende lygter),2,14,Norwegian,Action|Comedy|Crime,3,2009,Russia
137,Somersault,3,14,Yiddish,Drama,10,2001,Japan
138,Analyze That,6,14,French,Comedy|Crime,1,2010,United States
139,Dead Like Me: Life After Death,8,18,Swati,Comedy|Fantasy,8,1996,United States
140,Yellowbeard,1,10,Italian,Action|Adventure|Comedy,5,1998,Russia
141,Orchestra Rehearsal (Prova d'orchestra),3,18,Luxembourgish,Drama,1,2006,Russia
142,"Visit, The",6,10,Hiri Motu,Drama,6,2012,Russia
143,Young Guns II,8,13,Nepali,Action|Western,7,2010,Russia
144,"Rose Tattoo, The",9,18,Bosnian,Drama|Romance,5,2007,Russia
145,"Puff, Puff, Pass",3,17,Spanish,Comedy,3,2001,Russia
146,"Misérables, Les",8,16,Marathi,Drama|Musical|Romance|IMAX,7,2003,Russia
147,Outside the Law,10,17,Yiddish,Action,1,1997,Japan
148,Reconstruction (Anaparastasi),9,10,Ndebele,Crime|Drama,9,1996,Germany
149,"Eclisse, L' (Eclipse)",8,17,Nepali,Drama,3,1993,Canada
150,Foxfire,5,12,Thai,Drama,3,1994,Russia
151,Blood Simple,1,12,Armenian,Crime|Drama|Film-Noir,5,2001,Russia
152,Boca,4,11,Norwegian,Action|Crime|Drama,10,2011,Canada
153,Three Smart Girls,5,11,Irish Gaelic,Comedy|Musical|Romance,7,1993,Russia
154,Seven Swords (Chat gim),1,18,Romanian,Action|Drama,9,2009,United States
155,"Centenarian Who Climbed Out the Window and Vanished, The (Hundraåringen som klev ut genom fönstret och försvann)",8,17,Macedonian,Adventure|Comedy|Drama,2,2012,Canada
156,Omagh,3,12,Hungarian,Drama,1,1984,Singapore
157,i hate myself :),8,10,Dzongkha,Comedy|Documentary|Drama,8,2007,Canada
158,"Harder They Come, The",2,13,Kannada,Action|Crime|Drama,5,1998,Japan
159,Face to Face (Ansikte mot ansikte),7,10,Azeri,Drama|Fantasy|Horror|Mystery,9,2006,United States
160,"Final Conflict, The (a.k.a. Omen III: The Final Conflict)",6,11,New Zealand Sign Language,Horror|Thriller,5,2009,United States
161,Ravenous,3,15,Māori,Horror|Thriller,10,1996,United States
162,Advance to the Rear,1,14,West Frisian,Comedy|War|Western,5,1993,United States
163,Undocumented,9,16,Estonian,Horror|Thriller,1,2009,United States
164,Stake Land,1,14,Icelandic,Horror,1,1995,United States
165,Billy the Kid,8,12,Tok Pisin,Drama|Western,2,1998,Russia
166,Stuart Little 2,7,11,Malagasy,Children|Comedy,4,1993,Russia
167,Prophet's Prey,10,12,French,Crime|Documentary,1,1997,United Kingdom
168,Children Underground,6,16,Oriya,Documentary,2,1989,Japan
169,My Architect: A Son's Journey,1,10,Danish,Documentary,4,1990,Russia
170,Century,9,14,Bosnian,Drama,6,2006,Japan
171,"Star Chamber, The",4,11,Greek,Action|Crime|Drama|Thriller,4,1998,Japan
172,Houseguest,6,14,Korean,Comedy,9,2011,Russia
173,"Lost Reels of Pancho Villa, The (Los rollos perdidos de Pancho Villa)",4,18,Kyrgyz,Documentary,2,1994,Russia
174,14 Hours (Fourteen Hours),5,14,English,Drama|Film-Noir|Thriller,4,2009,Russia
175,200 M.P.H.,2,10,Danish,Action|Adventure|Drama,3,2005,Russia
176,Kinetta,9,13,Tsonga,Drama,8,1994,Russia
177,Amour,10,14,Dzongkha,Drama|Romance,8,1998,Russia
178,Where the Heart Is,4,18,Lao,Comedy|Drama,3,2011,Russia
179,"Chicken, the Fish and the King Crab, The (El pollo, el pez y el cangrejo real)",1,16,Bulgarian,Documentary,9,2000,Russia
180,Freaks,5,11,Tok Pisin,Crime|Drama|Horror,9,2010,Germany
181,Angie,2,16,Northern Sotho,Comedy|Drama|Romance,2,1999,Russia
182,City of Ghosts,5,12,Persian,Crime|Drama|Thriller,3,1995,Russia
183,Dinner for Schmucks,10,13,Yiddish,Comedy,5,1988,Japan
184,Hearts Divided,10,14,Arabic,Drama|Romance,1,2011,Russia
185,Killer at Large,7,11,Tamil,Documentary,1,2009,Canada
186,My Friend Flicka,9,14,Armenian,Children|Western,2,1993,Russia
187,Megiddo: The Omega Code 2,2,17,Maltese,Action|Adventure|Fantasy|Sci-Fi|Thriller,1,1994,Russia
188,Gates of Heaven,10,10,Gagauz,Documentary,3,1998,Russia
189,Raining Stones,7,16,Arabic,Drama,3,2011,Canada
190,One Man Up (L'uomo in più),3,13,Kyrgyz,Comedy|Drama,8,1964,United States
191,"Linguini Incident, The",5,18,Kazakh,Comedy|Crime,5,2004,Japan
192,Kiss of Death,1,14,Haitian Creole,Crime|Drama|Thriller,8,1989,Russia
193,"Day the Fish Came Out, The",2,10,Northern Sotho,Comedy|Sci-Fi,9,2011,Russia
194,Shattered Image,3,13,Tamil,Drama|Thriller,1,1998,United States
195,F.I.S.T.,7,18,Tswana,Drama,2,2012,Japan
196,Knock Off,9,18,Thai,Action,9,2002,Japan
197,Dream Land,5,16,Czech,(no genres listed),4,2004,Canada
198,"Therese Raquin (a.k.a. Adultress, The)",3,11,Persian,Crime|Drama|Romance,2,1993,Japan
199,Holiday Affair,2,17,Quechua,Drama|Romance,1,2008,United States
200,Cockfighter,1,13,Malay,Drama,4,2002,Japan
201,"Misadventures of Margaret, The",3,10,Punjabi,Comedy|Romance,1,2011,Russia
202,"Overbrook Brothers, The",9,14,New Zealand Sign Language,Comedy,9,1985,Russia
203,Kill Your Darlings,7,12,Kashmiri,Crime|Drama|Romance|Thriller,2,2008,Russia
204,It's All About Love,4,16,Portuguese,Drama|Romance|Sci-Fi|Thriller,3,2002,Japan
205,"Son of No One, The",8,15,West Frisian,Action|Crime|Thriller,9,1999,Russia
206,Total Eclipse,6,17,Azeri,Drama|Romance,7,2003,Russia
207,Farewell to Matyora,4,14,Lao,Drama,9,2005,Sri Lanka
208,Hearts in Atlantis,10,18,Azeri,Drama,2,1966,Russia
209,Four Bags Full,1,15,Polish,Comedy,8,1998,United States
210,3 Extremes (Three... Extremes) (Saam gaang yi),3,13,Kurdish,Horror,10,1996,Nepal
211,For the Birds,9,10,Nepali,Animation|Children|Comedy,10,2007,Japan
212,Sophia de Mello Breyner Andresen,2,12,West Frisian,Documentary,7,2011,United States
213,An Evening with Robin Williams,1,15,Tsonga,Comedy,3,2009,Germany
214,Revolt in the Fifth Dimension,4,18,Moldovan,Adventure|Animation|Children,8,2004,Japan
215,"Son's Room, The (Stanza del figlio, La)",2,15,Icelandic,Drama,6,2004,Japan
216,The Shooting,9,12,Portuguese,Western,2,1997,Germany
217,"Revenge of Frankenstein, The",6,14,Aymara,Drama|Horror|Sci-Fi,6,1968,United States
218,Othello,6,18,Danish,Drama|Romance,7,1996,United States
219,Late Marriage (Hatuna Meuheret),9,16,Czech,Comedy|Drama|Romance,5,1994,Russia
220,"Wednesday!, A",9,15,Japanese,Action|Drama|Thriller,5,2009,Germany
221,To Die Like a Man (Morrer Como Um Homem),4,17,Tok Pisin,Drama|Fantasy|Musical,1,2001,Japan
222,"Proud and the Beautiful, The (Orgueilleux, Les) (Proud Ones, The)",2,13,West Frisian,Drama,2,2010,Taiwan
223,Our Vinyl Weighs a Ton: This Is Stones Throw Records,2,16,Croatian,Documentary,2,1994,United States
224,Maid in Manhattan,1,18,Greek,Comedy|Romance,1,1995,Russia
225,Justice League: The Flashpoint Paradox,6,13,Malay,Action|Adventure|Animation|Fantasy|Sci-Fi,6,2003,Germany
226,Daddy Day Camp,7,17,Dzongkha,Children|Comedy,7,2008,Canada
227,Samurai (Samourais),6,17,Yiddish,Action,10,2005,Russia
228,Riders,8,10,Khmer,Action|Crime|Thriller,7,1998,United States
229,Doctor Strange,5,12,Fijian,Action|Animation|Children|Fantasy|Sci-Fi,2,2007,Russia
230,Sweeney Todd: The Demon Barber of Fleet Street,6,15,Bosnian,Drama|Horror|Musical|Thriller,8,2012,Japan
231,Samson and Delilah,3,17,Assamese,Adventure|Drama,4,2005,Russia
232,Stormbreaker (Alex Rider: Operation Stormbreaker),8,15,Quechua,Action|Children,9,2004,United States
233,Cran d'arrêt,10,10,Ndebele,Crime|Mystery|Thriller,5,1992,Russia
234,Berserk: The Golden Age Arc - The Egg of the King,1,16,Croatian,Action|Adventure|Animation|Fantasy|Horror,9,1969,Germany
235,"Spy Who Loved Me, The",9,17,Greek,Action|Adventure|Thriller,10,2011,United States
236,Britannia Hospital,7,14,Tajik,Comedy|Drama,9,2007,United States
237,Crime and Punishment in Suburbia,7,12,Kyrgyz,Comedy|Drama,4,2004,Canada
238,Barocco,1,16,Finnish,Crime|Drama|Romance|Thriller,5,2010,Russia
239,"Leopard Man, The",9,11,Dzongkha,Drama|Horror|Mystery|Thriller,9,2003,Russia
240,"It's a Mad, Mad, Mad, Mad World",6,14,Macedonian,Comedy,1,1954,Russia
241,"Girlfriend Experience, The",2,15,West Frisian,Drama,3,2002,United States
242,Outfoxed: Rupert Murdoch's War on Journalism,4,18,Icelandic,Documentary,4,1996,Russia
243,Deep Blue Sea,9,16,Khmer,Action|Horror|Sci-Fi|Thriller,3,1989,Russia
244,In Old Arizona,3,11,Dutch,Romance|Western,5,2008,Japan
245,She Had to Say Yes,10,14,English,Drama,5,1995,Russia
246,"Wrestler, The (Painija)",2,17,Swati,Comedy|Drama|Fantasy,6,2008,Germany
247,Babymother,6,14,Chinese,Drama,9,2012,Canada
248,"Extraordinary Adventures of Mr. West in the Land of the Bolsheviks, The (Neobychainye priklyucheniya mistera Vesta v strane bolshevikov)",2,10,Sotho,Comedy,2,2001,Germany
249,Hard to Hold,2,10,Tswana,Drama|Romance,3,2001,Japan
250,Undead,9,13,Norwegian,Action|Comedy|Horror|Sci-Fi,1,1984,Russia
